<?xml version="1.0" encoding="utf-8"?>
<!DOCTYPE kinstall>
<kinstall type="kunena-template" version="4.0">
	<name>Wood Eagle5</name>
	<version>1.0.2</version>
	<creationDate>2017-11-11</creationDate>
	<author>Alex Snitko</author>
	<authorEmail>ut4utc@gmail.com</authorEmail>
	<authorUrl>https://www.proinsurer.com.ua</authorUrl>
	<copyright>Proinsurer</copyright>
	<license>GNU/GPL</license>
	<description>COM_KUNENA_TEMPLATE_WOOD_EAGLE5_DESC</description>
	<thumbnail>template_thumbnail.png</thumbnail>
</kinstall>
